,accuracy,recall,f1 score,precision
Logistic Regregression,0.9007194546968968,0.30699942627653476,0.41536396279400273,0.6491657167608118
Random Forest,0.902656595065068,0.2806368330464716,0.39865638430324013,0.6918762957472635
XGBoost,0.8940842713371999,0.10077452667814113,0.1791652518392756,0.8325396825396825
