,accuracy,recall,f1 score,precision
Logistic Regregression,0.8906077348066298,0.25961538461538464,0.3529411764705883,0.5510204081632653
Random Forest,0.8883977900552487,0.23076923076923078,0.32214765100671144,0.5333333333333333
XGBoost,0.8972375690607735,0.41346153846153844,0.48044692737430167,0.5733333333333334
