,accuracy,recall,f1 score,precision
Logistic Regregression,0.8883977900552487,0.25,0.33986928104575165,0.5306122448979592
Random Forest,0.8850828729281768,0.20192307692307693,0.28767123287671237,0.5
XGBoost,0.8950276243093923,0.3557692307692308,0.43786982248520706,0.5692307692307692
SVC,0.8850828729281768,0.0,0.0,0.0
