,accuracy,recall,f1 score,precision
Logistic Regregression,0.9007194546968968,0.30699942627653476,0.41536396279400273,0.6491657167608118
Random Forest,0.8996160106370784,0.29027538726333907,0.4001491437855075,0.645714843547661
XGBoost,0.8968501409871392,0.40063109581181866,0.4724081070240186,0.577305741529722
