,accuracy,recall,f1 score,precision
Logistic Regregression,0.8906077348066298,0.25961538461538464,0.3529411764705883,0.5510204081632653
Random Forest,0.8906077348066298,0.23076923076923078,0.326530612244898,0.5581395348837209
XGBoost,0.8906077348066298,0.0673076923076923,0.12389380530973451,0.7777777777777778
