,accuracy,recall,f1 score,precision
Logistic Regregression,0.9029339843958949,0.3285427423981641,0.4372948176199383,0.661883515459502
Random Forest,0.8990619961333609,0.28301778542742395,0.3913232927933944,0.6422457291812129
XGBoost,0.8951884795549544,0.3932300631095812,0.4633083019660201,0.5679094271346087
SVC,0.8844031544439606,0.0,0.0,0.0
