category,p_value,is_it
job,1.901391096662705e-10,1
marital,7.373535401823763e-05,1
education,0.001625240003630989,1
default,1.0,0
housing,2.7146998959323014e-12,1
loan,2.9148288298428256e-06,1
contact,8.30430129641147e-20,1
month,2.195354833570811e-47,1
poutcome,1.5398831095860172e-83,1
