,accuracy,recall,f1 score,precision
Logistic Regregression,0.8949115044247787,0.3173076923076923,0.40993788819875776,0.5789473684210527
Random Forest,0.8893805309734514,0.2403846153846154,0.33333333333333337,0.5434782608695652
XGBoost,0.8926991150442478,0.375,0.4457142857142857,0.5492957746478874
