,accuracy,recall,f1 score,precision
Logistic Regregression,0.8962360585893648,0.3140562248995984,0.40951491292903014,0.6038405708594836
Random Forest,0.8951299410351605,0.24452094090648308,0.3489986657671844,0.6171228070175439
XGBoost,0.8970655509706786,0.39790590935169246,0.46901720188938273,0.5799161980820124
