feature,VIF
age,5.092603998784527
balance,1.231818533225094
day,4.057535308071167
duration,1.9287202340979868
campaign,1.83035970602657
pdays,1.7339044699625703
previous,1.6556514258358825
